{
	"nested_crc": 0,
    "iterations": 10000000,
	"starting_ber": 0.5,
	"datalink_generator": "110110100001011011",
	"generator": "",
	"datalink_crc_calc_start_bit": 0,
	"datalink_crc_calc_end_bit": 182,
	"datalink_fcs_start_bit": 182,
	"datalink_fcs_end_bit": 199,
	"nested_crc_start_bit": "",
	"nested_crc_end_bit": "",
	"payload_start_bit": 0,
	"payload_end_bit": 182,
	"payload_code_portion_start_bit": "",
	"payload_code_portion_end_bit": "",
	"telegram_length": 212,
	"original_sample": "01100000001100101110011011101011010111101011110101000000101010010010000000111001011010011111001011100011111110100000010000111101011100110000000100111110111110011000011110001001000000000101010111100111111111111111",
    "test": {
        "0.0000000001199": 0,
        "0.0000000001598": 0,
        "0.0000000002131": 0,
        "0.0000000002841": 0,
        "0.0000000003788": 0,
        "0.0000000005051": 0,
        "0.0000000006735": 0,
        "0.0000000008980": 0,
        "0.0000000011973": 0,
        "0.0000000015964": 0,
        "0.0000000021285": 0,
        "0.0000000028380": 0,
        "0.0000000037840": 0,
        "0.0000000050453": 0,
        "0.0000000067271": 0,
        "0.0000000089695": 0,
        "0.0000000119593": 0,
        "0.0000000159458": 0,
        "0.0000000212610": 0,
        "0.0000000283481": 0,
        "0.0000000377974": 0,
        "0.0000000503965": 0,
        "0.0000000671954": 0,
        "0.0000000895939": 0,
        "0.0000001194585": 0,
        "0.0000001592780": 0,
        "0.0000002123706": 0,
        "0.0000002831608": 0,
        "0.0000003775478": 0,
        "0.0000005033970": 0,
        "0.0000006711960": 0,
        "0.0000008949280": 0,
        "0.0000011932374": 0,
        "0.0000015909832": 0,
        "0.0000021213109": 0,
        "0.0000028284146": 0,
        "0.0000037712194": 0,
        "0.0000050282926": 0,
        "0.0000067043901": 0,
        "0.0000089391868": 0,
        "0.0000119189157": 0,
        "0.0000158918877": 0,
        "0.0000211891836": 0,
        "0.0000282522447": 0,
        "0.0000376696596": 0,
        "0.0000502262129": 0,
        "0.0000669682838": 0,
        "0.0000892910451": 0,
        "0.0001190547268": 0,
        "0.0001587396357": 0,
        "0.0002116528476": 0,
        "0.0002822037968": 0,
        "0.0003762717291": 0,
        "0.0005016956388": 0,
        "0.0006689275184": 0,
        "0.0008919033578": 0,
        "0.0011892044771": 0,
        "0.0015856059695": 0,
        "0.0021141412926": 0,
        "0.0028188550568": 0,
        "0.0037584734091": 0,
        "0.0050112978788": 0,
        "0.0066817305051": 0,
        "0.0089089740068": 0,
        "0.0118786320090": 0,
        "0.0158381760120": 0,
        "0.0211175680161": 0,
        "0.0281567573547": 0,
        "0.0375423431396": 0,
        "0.0500564575195": 0,
        "0.0667419433594": 0,
        "0.0889892578125": 0,
        "0.1186523437500": 0,
        "0.1582031250000": 0,
        "0.2109375000000": 0,
        "0.2812500000000": 0,
        "0.3750000000000": 0,
        "0.5000000000000": 0
	}
}