{
	"nested_crc": 1,
	"iterations": 10000000,
	"starting_ber": 0.5,
	"datalink_generator": "111111111",
	"generator": "10100111010101011",
	"datalink_crc_calc_start_bit": 0,
	"datalink_crc_calc_end_bit": 336,
	"datalink_fcs_start_bit": 336,
	"datalink_fcs_end_bit": 344,
	"nested_crc_start_bit": 0,
	"nested_crc_end_bit": 272,
	"payload_start_bit": 0,
	"payload_end_bit": 336,
	"payload_code_portion_start_bit": 0,
	"payload_code_portion_end_bit": 256,
    "telegram_length": 344,
	"original_sample": "00101101100101101011100101100110000000001100101010010010001100111111100110110000101001010101100110100100100000110100111101111001101001100011101111100000110110001100000011111001000110010100000110000000111111110010111010011100010100000111100010110000011011011010111000011101011111100001001001110110111111111111101010100011111000011110110110101001",
	"test": {
		"7.367737897342744e-8": 7.207224537788394e-26,
		"2.5003309505791178e-8": 9.460846105774074e-28,
		"4.6594581918774934e-8": 1.0623269659621845e-26,
		"1.0593300427523858e-10": 3.014478938064053e-37,
		"1.9402595279323133e-10": 3.0603902187298055e-36,
		"3.6157446076082097e-10": 3.8007447910484227e-35,
		"6.287791360568553e-10": 3.488747869196381e-34,
		"1.0747046089606896e-9": 2.8953880883018707e-33,
		"2.5512819005462383e-9": 9.84998226571003e-32,
		"6.056584555219804e-9": 3.1862678077220585e-30,
		"3.6471400502501226e-7": 4.119833359513669e-23,
		"0.0000010115940303835104": 2.3196726171627653e-21,
		"0.0000020912237407774824": 4.76800805371635e-20,
		"0.000004795689579154609": 1.1988769684353505e-18,
		"0.00001815824377852032": 2.631063265166473e-16,
		"0.000009412763488208994": 1.731857022677912e-17,
		"0.000038192445875651135": 5.142327562375784e-15,
		"0.00008033061675766355": 1.0050511938980804e-13,
		"0.00021523661096069463": 4.865076969311662e-12,
		"0.0005767016433796476": 2.2392851971340158e-10,
		"0.0011125201478905408": 2.5144189249028515e-9,
		"0.0018689147295323722": 1.542353088431812e-8,
		"0.003139576638576721": 8.133630964428693e-8,
		"0.0045532647551830025": 2.3431660349271672e-7,
		"0.006490308370140259": 4.989196793702904e-7,
		"0.005319947962511759": 3.506370211145142e-7,
		"0.007517875320107318": 6.418592804901843e-7,
		"0.008860011648496034": 7.465954505236127e-7,
		"0.010262757808940919": 7.851762909488957e-7,
		"0.012094927071976572": 9.132983887586181e-7,
		"0.015407588406749178": 7.851762909488957e-7,
		"0.018635365813466226": 5.803315058560616e-7,
		"0.02139996269472903": 4.289287139352567e-7,
		"0.026334535171671745": 2.2280309806398918e-7,
		"0.0313054192546972": 1.2800325296163245e-7,
		"0.036576656604478404": 8.553942015208145e-8,
		"0.0427354700947246": 7.353951947317195e-8,
		"0.054440223547445495": 6.649011920993774e-8,
		"0.06935077427080162": 6.322302529909534e-8,
		"0.08834515324442231": 6.322302529909534e-8,
		"0.4768128323120229": 6.649011920993748e-8
	}
}
