{
	"nested_crc": 0,
    "iterations": 1000000,
	"starting_ber": 0.5,
	"datalink_generator": "100101",
	"generator": "",
	"datalink_crc_calc_start_bit": 0,
	"datalink_crc_calc_end_bit": 10,
	"datalink_fcs_start_bit": 10,
	"datalink_fcs_end_bit": 15,
	"nested_crc_start_bit": "",
	"nested_crc_end_bit": "",
	"payload_start_bit": 0,
	"payload_end_bit": 10,
	"payload_code_portion_start_bit": "",
	"payload_code_portion_end_bit": "",
    "telegram_length": 15,
	"original_sample": "110100010010010",
	"test": {
        "0.0000000001199": 2.755382137595395e-29,
        "0.0000000001598": 6.531276175590068e-29,
        "0.0000000002131": 1.5481543519695724e-28,
        "0.0000000002841": 3.6696992022575174e-28,
        "0.0000000003788": 8.698546249582718e-28,
        "0.0000000005051": 2.0618776271223365e-27,
        "0.0000000006735": 4.887413627048671e-27,
        "0.0000000008980": 1.1584980425243882e-26,
        "0.0000000011973": 2.746069426528787e-26,
        "0.0000000015964": 6.509201579594258e-26,
        "0.0000000021285": 1.5429218483093042e-25,
        "0.0000000028380": 3.657296209027033e-25,
        "0.0000000037840": 8.66914649368602e-25,
        "0.0000000050453": 2.0549087745279904e-24,
        "0.0000000067271": 4.870894797181259e-24,
        "0.0000000089695": 1.1545824464946462e-23,
        "0.0000000119593": 2.73678794563213e-23,
        "0.0000000159458": 6.487200817100126e-23,
        "0.0000000212610": 1.5377067847465211e-22,
        "0.0000000283481": 3.644934361937401e-22,
        "0.0000000377974": 8.639843658302664e-22,
        "0.0000000503965": 2.0479627025535932e-21,
        "0.0000000671954": 4.8544293554300076e-21,
        "0.0000000895939": 1.1506793125123083e-20,
        "0.0000001194585": 2.727535394701756e-20,
        "0.0000001592780": 6.465266702383374e-20,
        "0.0000002123706": 1.5325069101619795e-19,
        "0.0000002831608": 3.632606593569863e-19,
        "0.0000003775478": 8.610615518856596e-19,
        "0.0000005033970": 2.0410324136759053e-18,
        "0.0000006711960": 4.8379952490858516e-18,
        "0.0000008949280": 1.146781685750688e-17,
        "0.0000011932374": 2.718289828430037e-17,
        "0.0000015909832": 6.443329961368244e-17,
        "0.0000021213109": 1.527300350452438e-16,
        "0.0000028284146": 3.6202438183148023e-16,
        "0.0000037712194": 8.581243843500044e-16,
        "0.0000050282926": 2.0340489628171996e-15,
        "0.0000067043901": 4.821374642522973e-15,
        "0.0000089391868": 1.1428207351726816e-14,
        "0.0000119189157": 2.7088337458433042e-14,
        "0.0000158918877": 6.420703283378717e-14,
        "0.0000211891836": 1.5218699081703758e-13,
        "0.0000282522447": 3.6071596608710603e-13,
        "0.0000376696596": 8.549559580648195e-13,
        "0.0000502262129": 2.0263269003804737e-12,
        "0.0000669682838": 4.8024014558345425e-12,
        "0.0000892910451": 1.1381119787352155e-11,
        "0.0001190547268": 2.6970042657287415e-11,
        "0.0001587396357": 6.390552600780669e-11,
        "0.0002116528476": 1.5140563834598597e-10,
        "0.0002822037968": 3.586532908482747e-10,
        "0.0003762717291": 8.494016563753101e-10,
        "0.0005016956388": 2.0110617055875744e-09,
        "0.0006689275184": 4.75959160222109e-09,
        "0.0008919033578": 1.125874447439573e-08,
        "0.0011892044771": 2.661408286277637e-08,
        "0.0015856059695": 6.285425354041439e-08,
        "0.0021141412926": 1.4826087532477004e-07,
        "0.0028188550568": 3.491482467496062e-07,
        "0.0037584734091": 8.204422830437907e-07,
        "0.0050112978788": 1.922318677643652e-06,
        "0.0066817305051": 4.486632908473644e-06,
        "0.0089089740068": 1.041767569130919e-05,
        "0.0118786320090": 2.402285863445151e-05,
        "0.0158381760120": 5.488803584203569e-05,
        "0.0211175680161": 0.00012387594462329047,
        "0.0281567573547": 0.0002750151068550727,
        "0.0375423431396": 0.0005972888599022433,
        "0.0500564575195": 0.0012596827410283225,
        "0.0667419433594": 0.002554534415015052,
        "0.0889892578125": 0.00491683030436576,
        "0.1186523437500": 0.00883171012107753,
        "0.1582031250000": 0.014496081564217488,
        "0.2109375000000": 0.021232428446255735,
        "0.2812500000000": 0.027201282019947794,
        "0.3750000000000": 0.030481552170016357,
        "0.5000000000000": 0.031219482421875
    }
}
