{
	"nested_crc": 1,
    "iterations": 1000000,
	"starting_ber": 0.5,
	"datalink_generator": "101",
	"generator": "11",
	"datalink_crc_calc_start_bit": 0,
	"datalink_crc_calc_end_bit": 5,
	"datalink_fcs_start_bit": 5,
	"datalink_fcs_end_bit": 7,
	"nested_crc_start_bit": 0,
	"nested_crc_end_bit": 4,
	"payload_start_bit": 0,
	"payload_end_bit": 5,
	"payload_code_portion_start_bit": 0,
	"payload_code_portion_end_bit": 3,
    "telegram_length": 7,
	"original_sample": "1010000",
	"test": {
        "1.0800161072482837e-10": 2.332869583453542e-20,
        "6.782586620309557e-10": 9.200696243039764e-19,
        "1.083636739618459e-8": 2.348537128727431e-16,
        "5.623413251903479e-8": 6.324554786852938e-15,
        "3.943939393855592e-7": 3.110929748083082e-13,
        "0.000002379323468950252": 1.132231993055455e-11,
        "0.00001979300014792195": 7.835024476849515e-10,
        "0.0001027135895797897": 2.109691239232189e-08,
        "0.0004539173094126533": 4.1180139812884627e-07,
        "0.0017255144662502418": 5.939414162648572e-06,
        "0.0020881776438063547": 8.693712022009354e-06,
        "0.0029973964322973666": 1.7888221439420354e-05,
        "0.005052291176307534": 5.0666328518464574e-05,
        "0.006053084605316853": 7.261826933243042e-05,
        "0.007107947084994031": 9.99759769213389e-05,
        "0.008688673712308631": 0.000149034955378066,
        "0.010620935971560667": 0.00022205127591130183,
        "0.012724805792071506": 0.00031773584016805506,
        "0.015245424968148406": 0.00045437060245590423,
        "0.018635834168401897": 0.0006755143817187133,
        "0.022780231832025922": 0.0010031676170820408,
        "0.027292700637409108": 0.0014303259133085031,
        "0.03269903105358282": 0.00203667299754465,
        "0.03997092383158414": 0.0030105554579703078,
        "0.04788864601467441": 0.004270825590329881,
        "0.056801586388656455": 0.00592934430029301,
        "0.07013426218534789": 0.00886139581236478,
        "0.08318751277922905": 0.01222496252763684,
        "0.09867020863648797": 0.016800520465402088,
        "0.1281026575656478": 0.027061589817525572,
        "0.15347813444464123": 0.037310262453731556,
        "0.1876099267788009": 0.052691913424216676,
        "0.21810357821998774": 0.06753433145197436,
        "0.31622776601683794": 0.11709003242334899,
        "0.4918814732283119": 0.17846163419831396	
    }
}
