{
	"nested_crc": 1,
    "iterations": 1000000,
	"starting_ber": 0.5,
	"datalink_generator": "101",
	"generator": "11",
	"datalink_crc_calc_start_bit": 0,
	"datalink_crc_calc_end_bit": 5,
	"datalink_fcs_start_bit": 5,
	"datalink_fcs_end_bit": 7,
	"nested_crc_start_bit": 0,
	"nested_crc_end_bit": 4,
	"payload_start_bit": 0,
	"payload_end_bit": 5,
	"payload_code_portion_start_bit": 0,
	"payload_code_portion_end_bit": 3,
    "telegram_length": 7,
	"original_sample": "1010000",
	"test": {
        "0.5": 0.1796875,
        "0.375": 0.14378786087036133,
        "0.28125": 0.09963747960864566,
        "0.2109375": 0.06397750709970929,
        "0.158203125": 0.03934089318773182,
        "0.11865234375": 0.02356023760381027,
        "0.0889892578125": 0.013867682859082213,
        "0.066741943359375": 0.008065710256136395,
        "0.05005645751953125": 0.004651217401628166,
        "0.03754234313964844": 0.002665436755099016,
        "0.028156757354736328": 0.0015203699269198683,
        "0.021117568016052246": 0.0008642109892712162,
        "0.015838176012039185": 0.0004899567155770239,
        "0.011878632009029388": 0.00027723313850815264,
        "0.008908974006772041": 0.00015663672435159263,
        "0.006681730505079031": 8.840197790469172e-05,
        "0.005011297878809273": 4.985052883917659e-05,
        "0.003758473409106955": 2.8093558693890295e-05,
        "0.002818855056830216": 1.5824880089274034e-05,
        "0.002114141292622662": 8.910898307160426e-06,
        "0.0015856059694669966": 5.016352117502911e-06,
        "0.0011892044771002475": 2.823375210369163e-06,
        "0.0008919033578251856": 1.5888565878600706e-06,
        "0.0006689275183688892": 8.940306861310692e-07,
        "0.0005016956387766669": 5.030183895653892e-07,
        "0.00037627172908250017": 2.83001070159002e-07,
        "0.00028220379681187513": 1.59210561611001e-07,
        "0.00021165284760890635": 8.956541762632746e-08,
        "0.00015873963570667976": 5.0384545899003965e-08,
        "0.00011905472678000982": 2.8342994084738012e-08,
        "8.929104508500737e-05": 1.5943645932157988e-08,
        "6.696828381375552e-05": 8.968601126005441e-09,
        "5.022621286031664e-05": 5.0449648228168245e-09,
        "3.766965964523748e-05": 2.8378461615068252e-09,
        "2.825224473392811e-05": 1.596311015001596e-09,
        "2.1189183550446082e-05": 8.979344590194913e-10,
        "1.589188766283456e-05": 5.05092146579149e-10,
        "1.191891574712592e-05": 2.8411602561144206e-10,
        "8.939186810344441e-06": 1.598159787135601e-10,
        "6.704390107758331e-06": 8.989678937626676e-11,
        "5.028292580818748e-06": 5.056707115663172e-11,
        "3.7712194356140615e-06": 2.8444031159778373e-11,
        "2.828414576710546e-06": 1.599979015434185e-11,
        "2.1213109325329097e-06": 8.999891507584539e-12,
        "1.5909831993996823e-06": 5.062443000141846e-12,
        "1.1932373995497618e-06": 2.847625886524953e-12,
        "8.949280496623213e-07": 1.6017902779132761e-12,
        "6.71196037246741e-07": 9.010073337023249e-13,
        "5.033970279350557e-07": 5.068167527725277e-13,
        "3.7754777095129174e-07": 2.850844772510343e-13,
        "2.831608282134688e-07": 1.6036004115754244e-13,
        "2.123706211601016e-07": 9.020253272929986e-14,
        "1.592779658700762e-07": 5.073892870102733e-14,
        "1.1945847440255716e-07": 2.85406490990389e-14,
        "8.959385580191786e-08": 1.6054115837384395e-14,
        "6.71953918514384e-08": 9.030440461930699e-15,
        "5.0396543888578796e-08": 5.079622887833731e-15,
        "3.77974079164341e-08": 2.8572879284055124e-15,
        "2.8348055937325575e-08": 1.6072244825089446e-15,
        "2.1261041952994182e-08": 9.040637810219504e-16,
        "1.5945781464745636e-08": 5.085358808793478e-16,
        "1.1959336098559228e-08": 2.8605143470512584e-16,
        "8.96950207391942e-09": 1.6090393274324735e-16,
        "6.727126555439566e-09": 9.050846247250757e-17,
        "5.045344916579675e-09": 5.091101026921732e-17,
        "3.784008687434756e-09": 2.8637443330616915e-17,
        "2.8380065155760673e-09": 1.6108561896330116e-17,
        "2.1285048866820503e-09": 9.061066076328949e-18,
        "1.5963786650115377e-09": 5.096849672003285e-18,
        "1.1972839987586532e-09": 2.866977942218141e-18,
        "8.979629990689899e-10": 1.6126750932217654e-18,
        "6.734722493017425e-10": 9.071297402427065e-19,
        "5.051041869763068e-10": 5.102604790153898e-19,
        "3.7882814023223014e-10": 2.8702151950052265e-19,
        "2.841211051741726e-10": 1.614496047419797e-19,
        "2.1309082888062945e-10": 9.081540267703949e-20,
        "1.598181216604721e-10": 5.108366400991677e-20,
        "1.1986359124535407e-10": 2.8734561007300304e-20
    }
}
